CustomerName,Age,Gender,Country,ProductCategory,SignupDate,PurchaseAmount,Email
Priya Das,56,Female,USA,Electronics,2023-01-04,186.12,priya.das887@mail.com
Manish Reddy,44,Male,USA,Clothing,2023-06-21,65.13,manish.reddy751@mail.com
Swati Iyer,29,Female,India,Furniture,2024-02-13,173.73,swati.iyer447@mail.com
Meera Sharma,19,Female,UK,Beauty,2024-05-10,230.75,meera.sharma8@mail.com
Rahul Reddy,50,Male,UK,Clothing,2024-04-04,58.99,rahul.reddy550@mail.com
Vikram Verma,30,Male,India,Electronics,2023-08-21,215.56,vikram.verma52@mail.com
Meera Iyer,68,Male,UK,Electronics,2024-09-15,40.55,
Sneha Gupta,19,Female,India,Sports,2024-06-23,113.99,sneha.gupta52@mail.com
Deepak Nair,29,Female,Germany,Electronics,2023-09-17,233.24,deepak.nair971@mail.com
Nikhil Chauhan,51,Male,UK,Clothing,2024-09-03,67.91,nikhil.chauhan885@mail.com
Sneha Nair,63,Male,UK,Sports,2024-06-02,50.57,sneha.nair917@mail.com
Deepak Rao,45,Female,USA,Furniture,2023-04-12,342.2,deepak.rao195@mail.com
Kavya Rao,55,Male,UK,Clothing,2023-04-08,21.39,kavya.rao316@mail.com
Suresh Rao,46,Male,India,Sports,2024-05-14,26.24,suresh.rao139@mail.com
Kavya Chauhan,42,Male,Germany,Clothing,2023-02-20,143.83,kavya.chauhan861@mail.com
Suresh Das,29,Male,USA,Clothing,2024-07-19,90.64,suresh.das915@mail.com
Rahul Iyer,53,Female,UK,Beauty,2024-08-08,23.12,rahul.iyer575@mail.com
Rahul Das,62,Female,India,Beauty,2022-08-07,181.25,rahul.das53@mail.com
Kavya Sharma,68,Male,UK,Clothing,2022-10-14,118.06,kavya.sharma349@mail.com
Swati Rao,59,Male,India,Furniture,2023-01-07,156.05,swati.rao852@mail.com
Rahul Rao,35,Male,UK,Sports,2022-09-15,198.49,rahul.rao619@mail.com
Vikram Das,54,Female,USA,Groceries,2024-10-10,62.62,vikram.das467@mail.com
Manish Sharma,47,Female,Germany,Electronics,2024-10-03,181.81,manish.sharma271@mail.com
Arjun Rao,29,Female,Germany,Beauty,2022-06-26,253.11,arjun.rao960@mail.com
Suresh Gupta,27,Male,Germany,Furniture,2023-07-01,44.91,suresh.gupta191@mail.com
Deepak Nair,65,Female,UK,Beauty,2022-06-25,125.685,deepak.nair436@mail.com
Rahul Chauhan,56,Female,India,Beauty,2023-06-09,290.21,rahul.chauhan400@mail.com
Sneha Sharma,19,Female,USA,Furniture,2023-08-25,83.16,sneha.sharma182@mail.com
Ritu Iyer,42,Female,Germany,Beauty,2024-09-01,63.93,ritu.iyer473@mail.com
Neha Nair,31,Female,Germany,Furniture,2023-09-08,170.55,neha.nair681@mail.com
Vikram Chauhan,32,Female,USA,Clothing,2023-11-19,20.15,vikram.chauhan339@mail.com
Anjali Das,34,Male,Germany,Clothing,2023-05-09,285.57,anjali.das65@mail.com
Deepak Iyer,54,Male,UK,Clothing,2022-01-25,36.1,deepak.iyer833@mail.com
Swati Gupta,24,Male,USA,Furniture,2023-03-07,63.06,swati.gupta192@mail.com
Rohit Sharma,48,Male,USA,Sports,2023-05-01,151.67,rohit.sharma784@mail.com
Deepak Verma,30,Female,UK,Beauty,2023-10-21,168.85,deepak.verma57@mail.com
Anjali Das,51,Female,India,Electronics,2022-02-14,453.18,anjali.das810@mail.com
Meera Rao,32,Female,UK,Groceries,2022-07-17,44.41,meera.rao792@mail.com
Divya Nair,39,Male,Germany,Groceries,2022-02-08,144.67,divya.nair63@mail.com
Karan Nair,58,Male,Germany,Furniture,2023-02-19,162.7,karan.nair324@mail.com
Divya Verma,55,Male,India,Clothing,2023-09-13,35.37,divya.verma383@mail.com
Nikhil Reddy,66,Male,UK,Sports,2023-02-02,25.04,nikhil.reddy159@mail.com
Deepak Sharma,18,Male,UK,Electronics,2023-02-15,34.79,deepak.sharma306@mail.com
Vikram Reddy,20,Male,UK,Beauty,2023-08-20,247.03,vikram.reddy575@mail.com
Priya Patel,23,Female,UK,Groceries,2022-03-24,45.68,priya.patel539@mail.com
Deepak Rao,23,Male,India,Clothing,2024-06-03,216.71,deepak.rao773@mail.com
Deepak Nair,38,Male,India,Groceries,2022-10-04,68.04,deepak.nair834@mail.com
Suresh Nair,38,Male,Germany,Beauty,2023-03-10,316.39,
Swati Iyer,39,Male,UK,Clothing,2023-10-26,63.2,swati.iyer684@mail.com
Divya Rao,46,Male,UK,Furniture,2024-08-21,110.69,divya.rao80@mail.com
Rohit Rao,30,Male,India,Sports,2022-09-06,307.69,rohit.rao88@mail.com
Kavya Chauhan,32,Female,India,Clothing,2022-10-27,452.52,kavya.chauhan243@mail.com
Kavya Nair,37,Female,Germany,Groceries,2022-07-15,288.64,kavya.nair624@mail.com
Rahul Nair,40,Female,Germany,Sports,2023-11-05,388.53,rahul.nair791@mail.com
Anjali Das,34,Male,Germany,Clothing,2023-05-09,285.57,anjali.das65@mail.com
Neha Reddy,46,Female,UK,Beauty,2022-03-09,306.78,neha.reddy726@mail.com
Kavya Gupta,45,Female,USA,Sports,2023-08-21,51.26,kavya.gupta879@mail.com
Kavya Das,41,Male,Germany,Sports,2023-01-16,64.29,kavya.das941@mail.com
Neha Das,53,Male,USA,Clothing,2022-09-06,204.13,neha.das354@mail.com
Divya Reddy,19,Male,USA,Beauty,2022-10-09,327.73,divya.reddy741@mail.com
Ritu Rao,61,Female,USA,Clothing,2024-01-10,36.72,ritu.rao767@mail.com
Divya Sharma,55,Female,India,Furniture,2024-02-07,255.6,divya.sharma465@mail.com
Nikhil Verma,36,Male,USA,Beauty,2022-01-20,133.2,nikhil.verma68@mail.com
Arjun Patel,30,Male,USA,Groceries,2024-02-21,26.71,arjun.patel526@mail.com
Meera Iyer,54,Male,UK,Clothing,2022-11-16,107.06,meera.iyer825@mail.com
Nikhil Das,42,Female,UK,Electronics,2024-07-06,454.33,
Kavya Sharma,42,Female,USA,Sports,2022-03-09,70.09,kavya.sharma683@mail.com
Nikhil Gupta,42,Male,India,Groceries,2023-08-02,33.8,nikhil.gupta321@mail.com
Pooja Das,69,Female,India,Sports,2023-04-08,120.0,pooja.das229@mail.com
Kavya Reddy,39,Male,India,Beauty,2024-01-08,155.72,kavya.reddy318@mail.com
Manish Patel,26,Male,India,Beauty,2022-02-26,83.33,manish.patel36@mail.com
Ritu Verma,64,Male,India,Sports,2022-03-14,211.87,ritu.verma970@mail.com
Rahul Reddy,42,Female,USA,Groceries,2023-02-20,125.685,rahul.reddy915@mail.com
Kavya Nair,55,Male,India,Clothing,2024-08-01,95.76,kavya.nair580@mail.com
Suresh Nair,23,Male,India,Furniture,2024-11-15,147.25,suresh.nair167@mail.com
Meera Nair,35,Female,USA,Clothing,2024-01-25,214.25,meera.nair523@mail.com
Swati Das,44,Female,UK,Groceries,2024-05-09,132.43,swati.das861@mail.com
Anjali Rao,42,Female,UK,Beauty,2024-02-24,711.59,anjali.rao312@mail.com
Karan Verma,50,Male,Germany,Furniture,2023-04-13,95.86,karan.verma247@mail.com
Vikram Verma,69,Male,India,Clothing,2024-05-20,346.96,vikram.verma203@mail.com
Rohit Gupta,68,Male,India,Clothing,2023-12-02,210.52,
Priya Das,50,Female,USA,Furniture,2024-11-16,171.73,priya.das313@mail.com
Anjali Rao,55,Male,India,Beauty,2023-07-20,75.21,anjali.rao818@mail.com
Swati Iyer,42,Male,Germany,Furniture,2024-01-03,181.33,swati.iyer143@mail.com
Neha Sharma,59,Male,USA,Furniture,2023-01-20,356.5,neha.sharma498@mail.com
Rohit Chauhan,22,Male,Germany,Groceries,2023-09-03,136.74,rohit.chauhan228@mail.com
Karan Sharma,19,Female,UK,Groceries,2023-02-23,125.685,karan.sharma332@mail.com
Divya Das,23,Female,India,Furniture,2024-02-15,516.13,divya.das515@mail.com
Suresh Nair,31,Male,Germany,Clothing,2024-08-27,207.42,suresh.nair26@mail.com
Rohit Sharma,25,Female,Germany,Electronics,2022-01-11,31.28,rohit.sharma434@mail.com
Sneha Nair,36,Male,India,Electronics,2023-04-02,382.24,sneha.nair940@mail.com
Suresh Chauhan,28,Female,USA,Clothing,2022-02-13,224.01,suresh.chauhan50@mail.com
Priya Iyer,49,Male,India,Groceries,2024-11-07,46.37,priya.iyer527@mail.com
Pooja Das,18,Male,UK,Groceries,2023-01-23,77.62,pooja.das725@mail.com
Arjun Patel,55,Male,USA,Electronics,2024-08-06,125.685,arjun.patel865@mail.com
Karan Rao,30,Male,Germany,Sports,2024-02-13,30.89,karan.rao510@mail.com
Deepak Sharma,42,Male,Germany,Furniture,2024-10-09,31.85,deepak.sharma381@mail.com
Rohit Patel,20,Male,UK,Electronics,2023-10-21,117.85,
Pooja Reddy,60,Male,India,Sports,2022-11-17,45.2,
Rohit Rao,31,Female,UK,Beauty,2022-04-26,334.58,rohit.rao624@mail.com
Sneha Nair,46,Female,USA,Clothing,2022-03-14,150.12,sneha.nair750@mail.com
Sneha Reddy,38,Male,UK,Sports,2024-11-23,360.54,sneha.reddy457@mail.com
Ritu Chauhan,24,Male,UK,Beauty,2023-03-09,102.17,ritu.chauhan129@mail.com
Anjali Sharma,68,Female,UK,Furniture,2022-08-22,123.48,anjali.sharma373@mail.com
Divya Reddy,23,Female,Germany,Clothing,2023-04-13,136.69,divya.reddy451@mail.com
Kavya Iyer,37,Male,Germany,Electronics,2022-03-06,107.59,kavya.iyer315@mail.com
Aditya Verma,52,Female,USA,Furniture,2022-09-01,125.56,aditya.verma314@mail.com
Divya Reddy,66,Male,USA,Clothing,2023-11-07,36.49,divya.reddy173@mail.com
Priya Nair,26,Female,India,Sports,2022-04-10,20.7,priya.nair630@mail.com
Swati Nair,50,Male,India,Groceries,2022-01-15,59.24,swati.nair595@mail.com
Arjun Das,28,Male,Germany,Electronics,2023-07-19,164.06,arjun.das647@mail.com
Nikhil Das,57,Female,UK,Furniture,2024-01-09,205.12,nikhil.das675@mail.com
Priya Rao,64,Female,Germany,Furniture,2024-08-14,86.76,priya.rao7@mail.com
Vikram Patel,18,Male,USA,Groceries,2022-08-07,95.62,vikram.patel730@mail.com
Ritu Verma,27,Male,UK,Furniture,2022-01-26,293.47,ritu.verma591@mail.com
Rohit Gupta,42,Male,USA,Furniture,2023-08-14,45.79,rohit.gupta224@mail.com
Manish Patel,28,Female,Germany,Groceries,2024-09-08,67.82,manish.patel403@mail.com
Rahul Reddy,69,Male,UK,Electronics,2024-09-23,91.81,rahul.reddy875@mail.com
Pooja Verma,44,Female,Germany,Sports,2023-01-23,125.685,pooja.verma540@mail.com
Priya Iyer,68,Female,UK,Clothing,2023-05-09,125.685,priya.iyer449@mail.com
Nikhil Iyer,27,Male,UK,Beauty,2024-03-03,123.15,nikhil.iyer841@mail.com
Neha Chauhan,58,Male,UK,Beauty,2022-04-03,318.73,neha.chauhan461@mail.com
Arjun Patel,28,Male,USA,Groceries,2023-08-01,137.95,arjun.patel991@mail.com
Rohit Sharma,37,Male,UK,Beauty,2024-04-11,274.8,rohit.sharma764@mail.com
Rahul Sharma,66,Male,USA,Sports,2024-09-12,63.6,rahul.sharma829@mail.com
Kavya Iyer,37,Male,UK,Beauty,2022-10-18,148.41,kavya.iyer881@mail.com
Kavya Rao,45,Female,India,Sports,2024-03-16,633.23,kavya.rao550@mail.com
Divya Verma,62,Female,UK,Clothing,2022-08-11,264.05,divya.verma584@mail.com
Karan Reddy,69,Female,USA,Clothing,2022-05-27,255.23,karan.reddy15@mail.com
Ritu Verma,19,Male,Germany,Electronics,2022-02-11,164.94,ritu.verma269@mail.com
Meera Rao,32,Female,UK,Groceries,2022-07-17,44.41,meera.rao792@mail.com
Suresh Verma,67,Female,USA,Groceries,2022-08-26,281.56,
Anjali Reddy,66,Male,India,Beauty,2023-02-17,58.46,anjali.reddy40@mail.com
Swati Gupta,56,Female,USA,Furniture,2024-07-13,36.95,
Kavya Gupta,43,Female,India,Furniture,2023-01-09,246.84,kavya.gupta584@mail.com
Swati Sharma,66,Female,USA,Furniture,2023-03-06,152.67,swati.sharma852@mail.com
Divya Verma,33,Male,USA,Clothing,2024-10-18,46.58,divya.verma729@mail.com
Anjali Rao,42,Male,India,Sports,2022-01-18,125.685,anjali.rao863@mail.com
Priya Reddy,42,Female,India,Electronics,2023-05-23,125.685,priya.reddy909@mail.com
Manish Rao,51,Female,UK,Groceries,2024-09-04,514.99,manish.rao803@mail.com
Manish Verma,28,Male,India,Beauty,2022-11-24,215.41,
Rahul Reddy,56,Female,India,Clothing,2023-10-07,269.2,rahul.reddy231@mail.com
Divya Verma,64,Female,USA,Electronics,2023-09-11,174.32,divya.verma50@mail.com
Priya Gupta,58,Male,UK,Beauty,2022-05-08,103.84,priya.gupta373@mail.com
Anjali Chauhan,52,Female,India,Furniture,2023-01-14,182.94,anjali.chauhan277@mail.com
Meera Sharma,31,Male,USA,Beauty,2024-04-15,40.9,meera.sharma951@mail.com
Meera Gupta,40,Male,India,Clothing,2023-08-27,82.16,meera.gupta894@mail.com
Sneha Nair,22,Female,USA,Furniture,2022-05-04,105.69,
Vikram Chauhan,66,Male,Germany,Beauty,2023-05-02,425.32,vikram.chauhan687@mail.com
Swati Verma,34,Male,India,Clothing,2023-03-24,32.26,swati.verma711@mail.com
Nikhil Rao,43,Female,UK,Beauty,2024-10-06,242.17,nikhil.rao587@mail.com
Deepak Patel,37,Male,UK,Furniture,2024-11-15,125.685,deepak.patel996@mail.com
Manish Chauhan,59,Female,UK,Beauty,2024-06-06,40.38,manish.chauhan851@mail.com
Kavya Reddy,39,Female,India,Clothing,2022-03-27,92.42,kavya.reddy88@mail.com
Sneha Chauhan,29,Male,USA,Clothing,2022-01-05,203.31,sneha.chauhan278@mail.com
Swati Iyer,23,Female,UK,Groceries,2023-05-05,125.685,swati.iyer396@mail.com
Aditya Rao,20,Male,Germany,Sports,2022-02-27,52.03,aditya.rao853@mail.com
Suresh Sharma,29,Female,UK,Furniture,2022-08-27,195.45,suresh.sharma743@mail.com
Meera Rao,52,Female,India,Beauty,2024-09-13,132.31,meera.rao847@mail.com
Karan Reddy,55,Female,India,Groceries,2022-04-13,40.46,karan.reddy336@mail.com
Swati Sharma,54,Female,India,Groceries,2024-09-04,199.68,swati.sharma332@mail.com
Rahul Verma,41,Male,UK,Furniture,2024-03-17,556.36,rahul.verma878@mail.com
Sneha Verma,20,Female,India,Furniture,2022-11-13,152.21,sneha.verma750@mail.com
Nikhil Reddy,35,Male,India,Clothing,2024-06-26,95.92,nikhil.reddy969@mail.com
Divya Verma,67,Male,USA,Furniture,2023-09-26,35.42,divya.verma167@mail.com
Pooja Reddy,19,Male,USA,Furniture,2024-06-18,586.98,pooja.reddy370@mail.com
Karan Nair,31,Female,USA,Clothing,2023-02-19,134.68,karan.nair159@mail.com
Rohit Iyer,58,Female,Germany,Beauty,2022-09-25,145.56,rohit.iyer469@mail.com
Anjali Chauhan,57,Female,USA,Electronics,2023-06-03,95.79,anjali.chauhan336@mail.com
Vikram Iyer,54,Male,UK,Furniture,2023-05-26,291.17,vikram.iyer556@mail.com
Deepak Sharma,19,Male,India,Electronics,2023-03-23,715.98,deepak.sharma667@mail.com
Deepak Reddy,59,Female,India,Groceries,2022-09-08,125.685,deepak.reddy690@mail.com
Kavya Reddy,59,Female,USA,Clothing,2023-04-11,51.46,kavya.reddy572@mail.com
Aditya Verma,34,Female,UK,Electronics,2024-08-26,146.81,aditya.verma885@mail.com
Deepak Verma,49,Female,India,Furniture,2024-10-19,84.11,deepak.verma429@mail.com
Manish Patel,63,Male,India,Clothing,2022-04-11,42.81,manish.patel906@mail.com
Sneha Patel,20,Female,UK,Groceries,2023-04-17,65.31,
Anjali Nair,29,Female,USA,Clothing,2022-10-27,251.51,anjali.nair528@mail.com
Vikram Gupta,42,Male,India,Furniture,2022-09-27,41.58,vikram.gupta347@mail.com
Rahul Das,62,Male,Germany,Beauty,2023-01-20,258.29,rahul.das736@mail.com
Nikhil Nair,38,Female,UK,Groceries,2022-04-07,113.73,nikhil.nair259@mail.com
Meera Iyer,22,Female,USA,Sports,2022-11-10,24.45,meera.iyer707@mail.com
Meera Chauhan,49,Female,Germany,Furniture,2024-01-23,47.86,meera.chauhan413@mail.com
Swati Chauhan,57,Female,Germany,Furniture,2024-02-21,284.68,swati.chauhan371@mail.com
Priya Verma,61,Male,India,Furniture,2024-02-14,99.92,priya.verma863@mail.com
Rohit Sharma,42,Male,USA,Sports,2024-08-18,1918.5177000007036,rohit.sharma944@mail.com
Ritu Sharma,56,Male,USA,Sports,2022-06-05,101.61,ritu.sharma742@mail.com
Deepak Chauhan,54,Female,UK,Groceries,2023-08-15,142.48,
Ritu Das,60,Female,India,Electronics,2024-11-02,43.15,ritu.das964@mail.com
Rahul Gupta,25,Female,India,Sports,2023-10-14,113.4,rahul.gupta248@mail.com
Swati Chauhan,42,Female,UK,Sports,2024-03-02,125.685,swati.chauhan426@mail.com
Priya Verma,44,Male,UK,Sports,2022-04-25,315.7,priya.verma820@mail.com
Sneha Sharma,56,Female,USA,Clothing,2022-11-20,156.27,sneha.sharma755@mail.com
Kavya Verma,32,Male,UK,Furniture,2023-06-16,55.42,kavya.verma746@mail.com
Arjun Reddy,29,Female,Germany,Beauty,2022-11-07,78.65,arjun.reddy911@mail.com
Sneha Das,61,Female,USA,Groceries,2023-08-20,322.65,sneha.das424@mail.com
Karan Sharma,66,Male,UK,Groceries,2022-08-11,203.87,karan.sharma836@mail.com
Pooja Sharma,53,Female,Germany,Clothing,2024-05-09,135.12,pooja.sharma256@mail.com
Pooja Chauhan,27,Male,Germany,Electronics,2022-08-08,149.27,pooja.chauhan934@mail.com
Manish Sharma,40,Female,UK,Electronics,2024-05-24,154.22,manish.sharma952@mail.com
Manish Gupta,38,Male,UK,Electronics,2024-09-03,196.73,
Vikram Das,31,Male,India,Beauty,2024-05-26,347.99,vikram.das481@mail.com
Anjali Das,29,Male,Germany,Beauty,2022-03-26,39.2,anjali.das929@mail.com
Suresh Reddy,59,Female,India,Furniture,2023-05-09,364.86,suresh.reddy679@mail.com
Kavya Sharma,31,Male,India,Furniture,2024-02-23,170.46,kavya.sharma242@mail.com
Arjun Sharma,62,Male,USA,Electronics,2024-08-19,21.83,arjun.sharma543@mail.com
Rohit Chauhan,61,Male,Germany,Sports,2024-08-08,273.48,rohit.chauhan699@mail.com
Anjali Gupta,18,Female,India,Sports,2024-06-26,225.47,anjali.gupta377@mail.com
Priya Verma,22,Male,UK,Furniture,2024-08-20,125.685,
Meera Chauhan,39,Female,UK,Furniture,2022-11-27,293.33,meera.chauhan250@mail.com
Sneha Iyer,61,Female,Germany,Sports,2023-05-27,154.77,sneha.iyer882@mail.com
Sneha Sharma,32,Female,UK,Beauty,2022-01-09,190.75,sneha.sharma255@mail.com
Ritu Reddy,29,Female,UK,Furniture,2022-07-11,101.13,ritu.reddy755@mail.com
Sneha Chauhan,62,Female,India,Groceries,2024-01-20,125.685,sneha.chauhan601@mail.com
Nikhil Verma,67,Male,UK,Groceries,2023-03-05,20.79,nikhil.verma322@mail.com
Priya Iyer,24,Female,USA,Electronics,2023-10-01,97.72,priya.iyer280@mail.com
Manish Patel,68,Male,USA,Groceries,2024-03-26,115.28,manish.patel339@mail.com
Divya Reddy,56,Male,India,Groceries,2023-10-09,238.29,divya.reddy524@mail.com
Rohit Patel,39,Male,Germany,Sports,2022-06-21,134.67,rohit.patel317@mail.com
Aditya Verma,41,Male,India,Beauty,2022-11-20,46.44,aditya.verma855@mail.com
Swati Reddy,18,Male,Germany,Groceries,2022-01-24,182.55,swati.reddy515@mail.com
Arjun Verma,43,Male,UK,Beauty,2024-03-03,48.74,arjun.verma76@mail.com
Rahul Das,42,Male,UK,Electronics,2023-10-23,466.82,rahul.das230@mail.com
Sneha Chauhan,52,Male,USA,Clothing,2024-12-02,198.75,sneha.chauhan331@mail.com
Neha Sharma,40,Male,USA,Furniture,2024-02-06,130.48,
Pooja Das,29,Female,UK,Sports,2022-07-17,222.01,
Arjun Nair,66,Male,India,Groceries,2023-08-03,307.42,
Swati Iyer,67,Male,UK,Clothing,2022-10-24,29.82,swati.iyer348@mail.com
Anjali Reddy,18,Male,Germany,Electronics,2023-04-27,147.77,anjali.reddy590@mail.com
Pooja Patel,42,Female,USA,Clothing,2023-02-22,41.19,pooja.patel287@mail.com
Kavya Iyer,36,Female,UK,Groceries,2024-12-09,367.34,kavya.iyer267@mail.com
Kavya Gupta,37,Female,UK,Furniture,2023-04-16,274.98,kavya.gupta308@mail.com
Sneha Rao,38,Female,Germany,Beauty,2022-09-19,60.68,sneha.rao699@mail.com
Sneha Gupta,20,Male,UK,Groceries,2024-05-03,48.04,sneha.gupta592@mail.com
Priya Nair,54,Male,UK,Clothing,2024-04-15,95.22,
Pooja Gupta,18,Male,USA,Clothing,2022-12-08,170.42,pooja.gupta771@mail.com
Karan Reddy,37,Female,USA,Sports,2024-02-04,47.3,karan.reddy930@mail.com
Rohit Rao,24,Male,USA,Electronics,2022-04-17,44.14,rohit.rao939@mail.com
Neha Reddy,42,Female,USA,Electronics,2024-08-16,125.685,neha.reddy874@mail.com
Nikhil Chauhan,57,Female,India,Furniture,2022-10-27,46.81,nikhil.chauhan824@mail.com
Meera Chauhan,42,Male,USA,Furniture,2023-06-10,418.93,meera.chauhan694@mail.com
Nikhil Verma,33,Male,USA,Electronics,2022-05-09,604.18,nikhil.verma268@mail.com
Vikram Patel,34,Female,UK,Beauty,2024-05-22,59.25,vikram.patel887@mail.com
Priya Reddy,21,Female,Germany,Sports,2022-08-27,177.32,priya.reddy293@mail.com
Karan Chauhan,49,Female,UK,Electronics,2024-01-12,191.02,karan.chauhan25@mail.com
Suresh Verma,50,Female,USA,Electronics,2024-05-23,39.65,suresh.verma954@mail.com
Manish Gupta,34,Male,USA,Groceries,2024-09-10,130.5,manish.gupta220@mail.com
Arjun Iyer,31,Female,Germany,Furniture,2024-09-01,68.18,arjun.iyer877@mail.com
Anjali Chauhan,56,Male,India,Electronics,2023-10-27,80.13,anjali.chauhan462@mail.com
Aditya Nair,55,Male,UK,Sports,2023-03-18,335.53,aditya.nair490@mail.com
Divya Verma,57,Female,India,Beauty,2023-09-25,185.1,divya.verma160@mail.com
Divya Nair,23,Male,Germany,Electronics,2023-06-07,50.97,divya.nair880@mail.com
Rahul Nair,40,Male,India,Furniture,2023-04-26,128.75,rahul.nair744@mail.com
Deepak Verma,49,Female,India,Furniture,2024-10-19,84.11,deepak.verma429@mail.com
Priya Chauhan,49,Male,India,Groceries,2023-05-07,80.12,priya.chauhan139@mail.com
Kavya Verma,58,Male,India,Clothing,2022-02-01,69.14,kavya.verma977@mail.com
Ritu Verma,47,Male,Germany,Beauty,2022-11-18,47.02,ritu.verma727@mail.com
Swati Reddy,34,Female,India,Groceries,2024-03-08,241.28,swati.reddy162@mail.com
Suresh Chauhan,52,Female,India,Furniture,2023-08-20,60.4,suresh.chauhan271@mail.com
Aditya Iyer,21,Male,UK,Groceries,2023-04-02,116.94,aditya.iyer943@mail.com
Meera Patel,36,Female,India,Electronics,2024-10-05,109.3,meera.patel239@mail.com
Swati Patel,42,Female,UK,Beauty,2022-11-07,125.685,swati.patel988@mail.com
Sneha Patel,58,Female,UK,Furniture,2023-11-04,97.66,sneha.patel862@mail.com
Arjun Gupta,54,Male,USA,Sports,2022-04-07,166.68,arjun.gupta748@mail.com
Divya Gupta,68,Female,UK,Beauty,2023-10-19,86.74,divya.gupta264@mail.com
Ritu Nair,40,Female,USA,Beauty,2024-10-10,58.94,ritu.nair295@mail.com
Rohit Sharma,54,Female,USA,Beauty,2022-03-03,142.03,rohit.sharma729@mail.com
Ritu Patel,36,Female,India,Clothing,2023-04-16,79.67,ritu.patel328@mail.com
Neha Gupta,64,Male,USA,Sports,2022-05-23,172.98,
Meera Das,45,Male,Germany,Clothing,2024-08-09,225.59,meera.das807@mail.com
Nikhil Reddy,37,Male,Germany,Electronics,2024-02-06,162.58,nikhil.reddy524@mail.com
Karan Das,33,Female,Germany,Beauty,2024-05-21,158.36,karan.das103@mail.com
Swati Verma,45,Female,USA,Sports,2023-08-23,226.43,swati.verma599@mail.com
Sneha Nair,63,Male,Germany,Sports,2023-02-18,109.25,sneha.nair948@mail.com
Priya Chauhan,39,Female,Germany,Groceries,2022-05-22,153.84,priya.chauhan406@mail.com
Sneha Patel,25,Female,USA,Clothing,2024-10-01,159.98,sneha.patel779@mail.com
Kavya Verma,23,Male,USA,Clothing,2023-08-09,120.83,kavya.verma813@mail.com
Anjali Gupta,18,Male,UK,Furniture,2022-07-25,241.92,anjali.gupta542@mail.com
Manish Rao,63,Female,India,Groceries,2023-01-23,23.41,manish.rao2@mail.com
Anjali Gupta,39,Male,India,Furniture,2024-08-26,307.0,anjali.gupta191@mail.com
Deepak Rao,39,Male,UK,Clothing,2022-10-03,125.685,deepak.rao889@mail.com
Manish Iyer,19,Male,Germany,Beauty,2023-11-15,69.27,manish.iyer470@mail.com
Swati Patel,61,Male,USA,Beauty,2023-08-21,163.82,swati.patel120@mail.com
Aditya Gupta,36,Male,Germany,Furniture,2023-10-03,58.34,aditya.gupta55@mail.com
Rahul Reddy,53,Female,USA,Electronics,2023-09-06,58.28,rahul.reddy212@mail.com
Rahul Sharma,53,Male,USA,Clothing,2024-04-02,22.31,rahul.sharma637@mail.com
Rohit Sharma,20,Female,USA,Furniture,2024-02-09,151.63,rohit.sharma974@mail.com
Deepak Reddy,61,Female,India,Furniture,2022-09-12,125.685,deepak.reddy888@mail.com
Priya Rao,18,Female,India,Electronics,2023-09-04,213.79,priya.rao567@mail.com
Suresh Iyer,19,Female,UK,Groceries,2022-01-01,84.76,suresh.iyer283@mail.com
Vikram Das,37,Female,USA,Electronics,2024-11-22,323.8,vikram.das393@mail.com
Arjun Verma,42,Male,UK,Electronics,2024-11-17,96.59,arjun.verma868@mail.com
Rohit Gupta,42,Male,Germany,Sports,2024-03-16,57.32,rohit.gupta469@mail.com
Suresh Nair,65,Male,UK,Beauty,2022-09-11,199.34,suresh.nair560@mail.com
Aditya Das,21,Male,USA,Furniture,2024-06-21,36.04,aditya.das119@mail.com
Rahul Reddy,69,Male,UK,Electronics,2024-09-23,91.81,rahul.reddy875@mail.com
Divya Nair,28,Female,India,Furniture,2023-09-25,407.93,divya.nair627@mail.com
Deepak Reddy,25,Male,UK,Furniture,2023-03-20,60.11,
Suresh Nair,51,Female,India,Sports,2022-10-01,42.79,suresh.nair943@mail.com
Karan Chauhan,19,Male,USA,Furniture,2023-06-24,50.1,karan.chauhan829@mail.com
Divya Sharma,23,Male,UK,Groceries,2023-07-19,104.91,divya.sharma103@mail.com
Neha Gupta,23,Female,Germany,Clothing,2024-06-14,341.09,neha.gupta672@mail.com
Rahul Reddy,42,Male,Germany,Clothing,2024-01-26,58.18,
Anjali Sharma,36,Male,Germany,Electronics,2023-03-17,198.32,anjali.sharma617@mail.com
Vikram Sharma,51,Male,UK,Sports,2022-05-15,253.25,
Rahul Das,53,Female,Germany,Groceries,2022-07-22,80.55,rahul.das606@mail.com
Karan Chauhan,43,Female,USA,Furniture,2024-10-03,359.16,karan.chauhan449@mail.com
Nikhil Patel,32,Male,Germany,Beauty,2023-11-20,56.03,nikhil.patel663@mail.com
Priya Nair,42,Female,UK,Furniture,2023-11-06,157.64,priya.nair260@mail.com
Sneha Verma,43,Male,USA,Groceries,2022-09-16,61.53,sneha.verma735@mail.com
Deepak Iyer,55,Female,Germany,Furniture,2023-02-07,118.33,deepak.iyer981@mail.com
Rahul Iyer,66,Male,UK,Furniture,2023-04-26,198.76,rahul.iyer219@mail.com
Anjali Reddy,18,Male,India,Groceries,2024-03-27,214.41,anjali.reddy301@mail.com
Pooja Chauhan,49,Female,India,Groceries,2024-08-17,30.2,pooja.chauhan185@mail.com
Suresh Chauhan,42,Female,UK,Electronics,2024-01-05,42.97,suresh.chauhan141@mail.com
Neha Chauhan,64,Female,Germany,Clothing,2024-11-23,24.64,neha.chauhan651@mail.com
Arjun Rao,25,Female,India,Groceries,2024-05-01,740.73,arjun.rao829@mail.com
Neha Iyer,37,Male,UK,Furniture,2023-08-10,154.86,neha.iyer340@mail.com
Manish Rao,53,Male,UK,Sports,2024-11-13,27.98,manish.rao874@mail.com
Divya Iyer,27,Female,UK,Sports,2024-07-21,51.24,divya.iyer783@mail.com
Suresh Das,41,Male,UK,Electronics,2022-09-01,125.685,suresh.das670@mail.com
Manish Rao,63,Male,India,Clothing,2024-06-20,54.39,manish.rao858@mail.com
Neha Iyer,54,Male,USA,Sports,2023-06-05,198.42,neha.iyer941@mail.com
Pooja Verma,48,Female,Germany,Groceries,2024-01-03,74.73,pooja.verma738@mail.com
Arjun Nair,69,Female,India,Furniture,2024-09-14,97.37,arjun.nair657@mail.com
Nikhil Sharma,29,Female,India,Electronics,2022-02-26,125.0,nikhil.sharma335@mail.com
Pooja Patel,42,Male,UK,Sports,2024-09-06,118.24,pooja.patel384@mail.com
Nikhil Nair,19,Female,Germany,Furniture,2024-11-13,61.19,nikhil.nair468@mail.com
Vikram Nair,64,Female,UK,Furniture,2023-09-25,315.05,vikram.nair621@mail.com
Vikram Reddy,18,Female,UK,Beauty,2022-06-26,125.81,vikram.reddy465@mail.com
Sneha Das,20,Male,UK,Furniture,2022-02-27,140.41,sneha.das740@mail.com
Divya Sharma,50,Male,USA,Furniture,2023-08-10,79.28,divya.sharma545@mail.com
Suresh Patel,43,Female,USA,Clothing,2023-03-09,106.6,suresh.patel879@mail.com
Priya Nair,68,Male,USA,Furniture,2024-05-08,28.45,priya.nair39@mail.com
Deepak Nair,23,Female,USA,Groceries,2022-09-06,28.01,deepak.nair677@mail.com
Swati Rao,42,Female,India,Sports,2023-05-13,30.59,swati.rao211@mail.com
Swati Das,58,Female,UK,Sports,2023-07-04,198.97,swati.das331@mail.com
Rahul Reddy,35,Male,India,Electronics,2022-02-01,100.05,
Karan Patel,42,Male,India,Clothing,2024-10-24,124.43,karan.patel626@mail.com
Priya Patel,42,Male,Germany,Groceries,2023-08-13,125.685,priya.patel255@mail.com
Kavya Gupta,32,Female,Germany,Beauty,2024-04-25,91.72,kavya.gupta354@mail.com
Swati Nair,58,Female,UK,Groceries,2023-09-09,125.685,swati.nair272@mail.com
Kavya Chauhan,62,Female,USA,Sports,2023-11-03,47.74,kavya.chauhan494@mail.com
Nikhil Nair,19,Male,USA,Groceries,2024-05-14,137.41,nikhil.nair796@mail.com
Manish Iyer,49,Male,USA,Groceries,2023-02-09,167.25,manish.iyer571@mail.com
Swati Chauhan,19,Male,India,Electronics,2022-07-06,94.41,swati.chauhan549@mail.com
Karan Nair,39,Female,India,Clothing,2022-05-08,121.97,karan.nair986@mail.com
Karan Sharma,32,Male,UK,Beauty,2024-09-07,48.07,karan.sharma644@mail.com
Karan Verma,56,Male,Germany,Clothing,2022-04-18,525.59,karan.verma82@mail.com
Neha Patel,35,Female,USA,Beauty,2024-09-13,105.79,neha.patel491@mail.com
Swati Verma,32,Male,Germany,Beauty,2022-06-27,97.59,swati.verma993@mail.com
Priya Iyer,45,Female,UK,Furniture,2022-03-16,443.35,priya.iyer779@mail.com
Meera Iyer,47,Female,India,Electronics,2022-09-02,72.32,meera.iyer430@mail.com
Swati Sharma,68,Male,UK,Clothing,2024-10-13,49.13,swati.sharma745@mail.com
Ritu Nair,64,Female,India,Furniture,2023-08-03,161.37,ritu.nair327@mail.com
Arjun Gupta,65,Female,USA,Clothing,2024-08-20,211.45,arjun.gupta392@mail.com
Swati Nair,66,Female,UK,Groceries,2024-04-09,34.36,swati.nair258@mail.com
Arjun Sharma,38,Male,India,Beauty,2023-10-06,85.89,arjun.sharma793@mail.com
Neha Rao,60,Male,USA,Electronics,2023-02-09,562.33,neha.rao803@mail.com
Arjun Rao,41,Male,Germany,Furniture,2022-09-26,374.5,arjun.rao357@mail.com
Nikhil Sharma,40,Female,USA,Electronics,2023-10-21,42.08,nikhil.sharma908@mail.com
Meera Das,68,Male,UK,Furniture,2022-08-23,100.02,meera.das90@mail.com
Divya Das,42,Male,USA,Furniture,2022-05-09,381.76,divya.das145@mail.com
Pooja Sharma,21,Female,UK,Sports,2023-01-01,86.51,pooja.sharma396@mail.com
Suresh Nair,53,Male,UK,Sports,2022-10-19,93.97,suresh.nair377@mail.com
Priya Iyer,67,Male,UK,Furniture,2023-02-15,1918.5177000007036,priya.iyer553@mail.com
Swati Das,56,Male,India,Groceries,2024-02-07,106.13,swati.das438@mail.com
Suresh Sharma,20,Male,UK,Electronics,2022-05-17,933.89,suresh.sharma272@mail.com
Vikram Verma,19,Male,Germany,Sports,2024-02-27,83.72,vikram.verma451@mail.com
Sneha Gupta,59,Female,USA,Beauty,2023-03-02,198.62,sneha.gupta774@mail.com
Rahul Verma,41,Male,India,Sports,2024-06-07,84.36,rahul.verma832@mail.com
Rahul Nair,42,Female,Germany,Groceries,2024-01-01,50.54,rahul.nair268@mail.com
Karan Das,45,Male,USA,Sports,2022-10-09,176.03,karan.das541@mail.com
Rahul Reddy,65,Male,USA,Beauty,2022-06-23,134.65,rahul.reddy841@mail.com
Swati Patel,42,Female,India,Furniture,2023-02-20,32.41,swati.patel759@mail.com
Anjali Reddy,61,Male,UK,Electronics,2022-04-25,490.64,anjali.reddy804@mail.com
Aditya Reddy,22,Female,Germany,Beauty,2022-03-06,151.98,aditya.reddy887@mail.com
Deepak Sharma,57,Male,UK,Sports,2022-01-24,187.01,deepak.sharma871@mail.com
Priya Das,34,Male,UK,Furniture,2022-04-12,53.57,priya.das578@mail.com
Ritu Iyer,63,Female,UK,Groceries,2022-01-27,169.87,ritu.iyer141@mail.com
Ritu Verma,33,Female,India,Groceries,2022-03-16,1918.5177000007036,ritu.verma793@mail.com
Karan Iyer,53,Female,Germany,Electronics,2022-06-03,91.22,
Ritu Chauhan,57,Female,Germany,Clothing,2023-03-10,54.23,ritu.chauhan103@mail.com
Karan Das,33,Female,UK,Clothing,2023-07-24,24.03,karan.das797@mail.com
Sneha Das,66,Male,Germany,Clothing,2023-05-11,91.92,sneha.das956@mail.com
Rahul Reddy,66,Male,UK,Beauty,2024-06-18,45.31,rahul.reddy678@mail.com
Swati Nair,54,Male,India,Sports,2022-11-21,36.36,swati.nair513@mail.com
Vikram Nair,47,Female,Germany,Furniture,2022-07-25,73.68,vikram.nair146@mail.com
Anjali Reddy,49,Male,Germany,Electronics,2023-04-27,147.77,anjali.reddy590@mail.com
Sneha Das,45,Female,Germany,Sports,2024-10-03,57.38,sneha.das407@mail.com
Priya Reddy,46,Male,USA,Furniture,2023-12-07,70.75,
Rahul Das,38,Male,UK,Electronics,2022-07-17,196.78,rahul.das684@mail.com
Swati Reddy,63,Female,UK,Clothing,2022-01-20,25.75,swati.reddy305@mail.com
Neha Das,69,Male,India,Furniture,2022-06-26,324.28,
Vikram Gupta,38,Female,UK,Electronics,2022-07-01,107.98,vikram.gupta6@mail.com
Deepak Rao,69,Male,Germany,Sports,2022-07-17,154.43,deepak.rao971@mail.com
Karan Rao,51,Male,India,Groceries,2024-08-27,665.93,karan.rao129@mail.com
Ritu Iyer,31,Male,USA,Beauty,2022-03-05,272.77,ritu.iyer118@mail.com
Sneha Rao,56,Male,UK,Groceries,2023-04-18,287.69,sneha.rao298@mail.com
Manish Verma,25,Female,India,Clothing,2023-02-03,158.65,manish.verma461@mail.com
Arjun Reddy,29,Male,Germany,Sports,2023-08-24,266.3,arjun.reddy193@mail.com
Nikhil Das,20,Male,India,Beauty,2022-06-10,209.66,nikhil.das815@mail.com
Anjali Rao,24,Male,UK,Furniture,2023-11-23,229.87,anjali.rao392@mail.com
Karan Gupta,26,Male,Germany,Clothing,2024-08-01,83.14,karan.gupta896@mail.com
Meera Reddy,22,Female,India,Electronics,2023-06-04,32.61,meera.reddy586@mail.com
Vikram Nair,21,Female,USA,Furniture,2023-05-16,75.07,vikram.nair534@mail.com
Neha Das,20,Female,India,Clothing,2023-02-13,28.69,neha.das724@mail.com
Anjali Gupta,43,Female,UK,Beauty,2023-10-11,123.13,anjali.gupta106@mail.com
Divya Gupta,52,Male,India,Electronics,2024-11-22,747.24,divya.gupta489@mail.com
Neha Gupta,20,Male,Germany,Clothing,2024-10-22,51.67,
Rahul Patel,68,Female,UK,Beauty,2022-08-14,409.68,rahul.patel698@mail.com
Neha Iyer,52,Female,India,Furniture,2023-09-17,319.66,neha.iyer466@mail.com
Sneha Iyer,63,Male,Germany,Furniture,2022-10-11,42.47,sneha.iyer406@mail.com
Meera Rao,49,Female,UK,Electronics,2023-05-13,407.83,meera.rao706@mail.com
Priya Iyer,38,Male,UK,Electronics,2023-06-15,60.93,priya.iyer722@mail.com
Pooja Gupta,59,Male,Germany,Clothing,2023-08-10,265.98,pooja.gupta607@mail.com
Sneha Sharma,27,Female,UK,Groceries,2024-10-23,164.72,sneha.sharma270@mail.com
Pooja Reddy,45,Male,Germany,Furniture,2022-11-26,255.32,pooja.reddy39@mail.com
Rahul Rao,30,Male,UK,Clothing,2023-06-23,128.6,rahul.rao334@mail.com
Pooja Nair,46,Male,UK,Sports,2022-02-13,34.88,pooja.nair13@mail.com
Ritu Chauhan,66,Male,UK,Clothing,2022-02-03,56.64,ritu.chauhan296@mail.com
Kavya Reddy,48,Male,India,Groceries,2024-10-11,107.52,
Nikhil Verma,61,Male,India,Furniture,2024-08-25,96.2,nikhil.verma496@mail.com
Manish Reddy,57,Male,UK,Electronics,2022-04-11,211.77,manish.reddy617@mail.com
Priya Iyer,53,Male,UK,Furniture,2024-04-11,447.91,priya.iyer595@mail.com
Meera Reddy,51,Female,UK,Sports,2023-04-23,143.93,meera.reddy139@mail.com
Divya Verma,24,Female,USA,Electronics,2024-04-14,121.89,divya.verma197@mail.com
Vikram Gupta,42,Male,UK,Beauty,2022-04-17,190.49,vikram.gupta962@mail.com
Rahul Chauhan,37,Male,USA,Furniture,2023-06-06,252.61,rahul.chauhan507@mail.com
Divya Gupta,22,Female,India,Clothing,2023-05-20,112.97,divya.gupta96@mail.com
Ritu Rao,35,Male,USA,Clothing,2022-05-04,37.44,ritu.rao792@mail.com
Kavya Reddy,48,Male,USA,Beauty,2022-08-26,125.685,kavya.reddy478@mail.com
Deepak Rao,43,Female,India,Beauty,2022-06-18,57.3,deepak.rao175@mail.com
Vikram Das,25,Male,India,Beauty,2023-07-10,130.19,vikram.das891@mail.com
Arjun Verma,65,Female,India,Clothing,2022-10-17,33.25,arjun.verma881@mail.com
Arjun Verma,42,Female,India,Beauty,2023-10-22,183.39,arjun.verma291@mail.com
Manish Das,66,Female,Germany,Sports,2023-03-09,125.685,manish.das132@mail.com
Rahul Patel,54,Female,UK,Sports,2024-10-20,95.92,rahul.patel10@mail.com
Deepak Nair,48,Female,USA,Electronics,2022-06-11,360.65,deepak.nair282@mail.com
Vikram Gupta,51,Female,UK,Beauty,2022-11-08,66.6,vikram.gupta894@mail.com
Anjali Nair,42,Male,UK,Groceries,2023-10-08,66.37,anjali.nair834@mail.com
Neha Gupta,63,Female,UK,Groceries,2024-06-04,267.42,neha.gupta836@mail.com
Rohit Nair,54,Male,Germany,Furniture,2022-01-09,155.82,rohit.nair94@mail.com
Karan Verma,19,Male,Germany,Electronics,2023-07-06,195.42,karan.verma613@mail.com
Ritu Sharma,21,Male,USA,Groceries,2022-10-26,48.25,ritu.sharma366@mail.com
Kavya Reddy,23,Male,UK,Groceries,2022-08-21,87.51,kavya.reddy809@mail.com
Swati Patel,56,Female,India,Electronics,2023-05-13,568.89,
Karan Verma,50,Male,India,Electronics,2023-01-04,1918.5177000007036,
Ritu Sharma,64,Female,UK,Beauty,2022-10-07,49.87,ritu.sharma479@mail.com
Deepak Rao,53,Male,USA,Clothing,2023-02-02,179.64,deepak.rao338@mail.com
Meera Sharma,45,Male,India,Electronics,2022-03-02,21.36,meera.sharma537@mail.com
Deepak Rao,40,Female,Germany,Groceries,2022-01-05,47.14,
Priya Rao,38,Female,USA,Sports,2023-02-13,605.18,priya.rao703@mail.com
Swati Das,42,Male,USA,Clothing,2023-08-11,171.87,swati.das578@mail.com
Karan Rao,63,Female,India,Beauty,2023-09-15,38.72,karan.rao829@mail.com
Deepak Iyer,30,Male,India,Beauty,2022-01-25,324.43,deepak.iyer664@mail.com
Sneha Reddy,53,Female,UK,Electronics,2022-05-08,155.86,sneha.reddy560@mail.com
Arjun Verma,46,Female,UK,Sports,2024-04-18,111.08,arjun.verma132@mail.com
Divya Gupta,41,Male,Germany,Clothing,2023-04-05,125.685,divya.gupta635@mail.com
Neha Reddy,49,Male,UK,Clothing,2023-07-24,143.78,neha.reddy248@mail.com
Divya Rao,42,Male,USA,Clothing,2023-09-16,302.63,divya.rao243@mail.com
Neha Rao,52,Male,USA,Sports,2023-07-11,283.64,neha.rao123@mail.com
Rohit Rao,33,Male,UK,Furniture,2024-09-23,69.48,rohit.rao939@mail.com
Kavya Sharma,24,Female,India,Clothing,2022-10-11,94.37,kavya.sharma987@mail.com
Divya Iyer,39,Male,Germany,Clothing,2023-06-14,94.91,divya.iyer337@mail.com
Rahul Gupta,28,Female,USA,Clothing,2022-01-16,78.02,rahul.gupta245@mail.com
Pooja Patel,62,Female,India,Beauty,2023-09-27,260.97,pooja.patel544@mail.com
Arjun Gupta,34,Male,UK,Beauty,2023-12-05,89.34,arjun.gupta261@mail.com
Swati Patel,38,Male,India,Groceries,2024-10-22,25.18,swati.patel735@mail.com
Nikhil Gupta,26,Male,USA,Furniture,2022-05-12,48.55,nikhil.gupta927@mail.com
Divya Das,50,Female,UK,Clothing,2023-07-23,322.6,divya.das317@mail.com
Vikram Patel,47,Female,India,Electronics,2022-07-24,32.55,vikram.patel135@mail.com
Sneha Rao,48,Female,USA,Electronics,2022-02-08,247.01,sneha.rao654@mail.com
Anjali Patel,59,Male,India,Beauty,2022-01-19,258.79,anjali.patel635@mail.com
Swati Iyer,19,Female,India,Clothing,2023-06-06,145.8,swati.iyer825@mail.com
Pooja Patel,54,Female,UK,Clothing,2023-03-01,81.79,
Aditya Rao,56,Female,Germany,Clothing,2022-11-13,58.97,aditya.rao73@mail.com
Manish Reddy,39,Male,USA,Furniture,2023-08-15,45.61,manish.reddy765@mail.com
Anjali Reddy,50,Male,UK,Furniture,2023-01-22,674.64,anjali.reddy231@mail.com
Swati Gupta,30,Female,India,Sports,2024-03-23,125.685,swati.gupta662@mail.com
Deepak Sharma,47,Male,Germany,Clothing,2023-08-22,23.18,deepak.sharma299@mail.com
Anjali Verma,50,Female,UK,Electronics,2022-04-18,156.78,anjali.verma215@mail.com
Sneha Chauhan,60,Female,USA,Groceries,2022-12-04,403.62,sneha.chauhan242@mail.com
Pooja Patel,21,Male,Germany,Beauty,2024-09-10,192.69,pooja.patel948@mail.com
Vikram Iyer,36,Male,UK,Sports,2022-01-26,192.78,vikram.iyer578@mail.com
Arjun Iyer,65,Female,UK,Furniture,2022-12-05,341.37,arjun.iyer928@mail.com
Arjun Rao,18,Male,Germany,Furniture,2024-08-07,229.9,arjun.rao167@mail.com
Deepak Rao,37,Male,Germany,Clothing,2024-03-11,74.71,deepak.rao556@mail.com
Kavya Verma,35,Male,India,Furniture,2024-06-14,198.11,kavya.verma294@mail.com
Deepak Patel,47,Male,USA,Sports,2024-03-18,23.48,deepak.patel131@mail.com
Swati Patel,34,Male,UK,Groceries,2023-06-07,134.97,swati.patel602@mail.com
Sneha Patel,19,Female,UK,Electronics,2023-05-09,434.59,sneha.patel208@mail.com
Arjun Sharma,61,Male,Germany,Furniture,2024-06-26,187.27,arjun.sharma59@mail.com
Karan Reddy,58,Female,UK,Beauty,2023-10-08,142.46,karan.reddy651@mail.com
Suresh Das,34,Male,India,Furniture,2024-04-06,38.89,suresh.das903@mail.com
Vikram Sharma,32,Male,UK,Clothing,2022-09-01,364.75,vikram.sharma430@mail.com
Arjun Sharma,67,Female,Germany,Clothing,2022-02-14,133.63,arjun.sharma952@mail.com
Nikhil Das,56,Female,USA,Beauty,2023-11-24,82.93,nikhil.das443@mail.com
Swati Sharma,36,Male,USA,Furniture,2024-07-23,334.5,swati.sharma353@mail.com
Suresh Gupta,22,Female,India,Furniture,2023-11-20,378.63,suresh.gupta990@mail.com
Aditya Patel,38,Male,USA,Groceries,2023-01-10,21.06,
Suresh Das,42,Female,Germany,Groceries,2023-10-24,25.54,suresh.das658@mail.com
Suresh Gupta,50,Female,India,Beauty,2024-01-03,445.72,suresh.gupta105@mail.com
Rohit Reddy,65,Female,UK,Clothing,2023-09-05,125.685,rohit.reddy172@mail.com
Sneha Chauhan,68,Male,Germany,Furniture,2023-11-19,35.54,sneha.chauhan607@mail.com
Swati Iyer,50,Female,India,Groceries,2023-07-08,292.76,swati.iyer901@mail.com
Sneha Verma,45,Male,USA,Furniture,2023-07-25,37.49,sneha.verma479@mail.com
Sneha Gupta,28,Female,Germany,Furniture,2024-02-09,30.32,sneha.gupta992@mail.com
Rohit Patel,49,Male,Germany,Furniture,2023-08-16,111.23,rohit.patel482@mail.com
Manish Das,66,Male,USA,Clothing,2023-04-20,42.51,manish.das347@mail.com
Priya Das,44,Male,USA,Sports,2024-11-17,110.34,priya.das517@mail.com
Sneha Rao,28,Male,USA,Sports,2024-04-21,44.24,sneha.rao46@mail.com
Ritu Das,42,Female,UK,Sports,2022-02-13,218.14,ritu.das174@mail.com
Divya Nair,57,Female,India,Groceries,2024-07-26,30.14,divya.nair651@mail.com
Ritu Rao,42,Male,UK,Beauty,2022-09-26,96.33,ritu.rao557@mail.com
Priya Verma,45,Female,UK,Beauty,2024-06-15,37.8,
Divya Chauhan,30,Female,Germany,Sports,2024-09-08,208.99,divya.chauhan974@mail.com
Sneha Gupta,34,Male,Germany,Beauty,2022-01-09,272.14,
Rohit Verma,42,Female,USA,Sports,2023-11-27,84.64,rohit.verma696@mail.com
Pooja Nair,42,Male,USA,Groceries,2024-03-20,96.29,pooja.nair255@mail.com
Rohit Gupta,18,Male,UK,Clothing,2024-01-08,1918.5177000007036,
Rohit Sharma,65,Male,Germany,Furniture,2024-04-19,239.51,rohit.sharma747@mail.com
Ritu Gupta,53,Female,India,Groceries,2023-08-14,52.72,
Meera Iyer,51,Male,UK,Electronics,2023-02-06,171.86,meera.iyer455@mail.com
Karan Reddy,49,Female,India,Beauty,2024-01-01,191.25,karan.reddy766@mail.com
Vikram Chauhan,52,Female,India,Beauty,2023-08-26,49.71,vikram.chauhan537@mail.com
Aditya Nair,68,Female,UK,Groceries,2024-05-08,360.39,aditya.nair179@mail.com
Aditya Das,68,Male,USA,Beauty,2023-04-04,63.51,aditya.das588@mail.com
Priya Verma,26,Male,USA,Electronics,2024-03-09,214.17,priya.verma342@mail.com
Nikhil Iyer,42,Female,Germany,Clothing,2022-07-25,217.67,nikhil.iyer883@mail.com
Ritu Patel,22,Female,UK,Beauty,2023-11-20,281.54,ritu.patel928@mail.com
Vikram Reddy,26,Male,USA,Electronics,2024-01-11,95.87,vikram.reddy257@mail.com
Rahul Gupta,45,Female,USA,Furniture,2023-08-19,753.6,rahul.gupta336@mail.com
Meera Reddy,41,Female,Germany,Sports,2022-06-22,119.18,
Meera Rao,57,Female,USA,Electronics,2024-08-22,257.91,meera.rao159@mail.com
Rohit Sharma,37,Female,USA,Sports,2023-05-24,165.46,rohit.sharma76@mail.com
Meera Das,22,Female,USA,Electronics,2024-06-15,196.95,meera.das90@mail.com
Deepak Gupta,68,Male,UK,Sports,2023-05-03,112.37,deepak.gupta782@mail.com
Neha Gupta,53,Female,India,Furniture,2022-10-05,146.08,neha.gupta187@mail.com
Aditya Patel,42,Male,UK,Furniture,2022-11-25,86.18,aditya.patel580@mail.com
Sneha Chauhan,36,Male,Germany,Furniture,2024-11-23,321.68,sneha.chauhan31@mail.com
Deepak Iyer,36,Female,Germany,Clothing,2024-05-03,54.18,deepak.iyer276@mail.com
Anjali Iyer,61,Female,India,Electronics,2022-09-24,616.86,anjali.iyer81@mail.com
Swati Das,42,Male,UK,Furniture,2022-08-05,111.67,swati.das770@mail.com
Arjun Nair,49,Male,India,Clothing,2022-06-19,226.52,arjun.nair72@mail.com
Sneha Iyer,56,Female,USA,Beauty,2024-08-06,101.04,sneha.iyer144@mail.com
Sneha Verma,67,Male,Germany,Groceries,2024-05-10,606.58,sneha.verma221@mail.com
Sneha Patel,42,Female,UK,Clothing,2024-11-07,314.29,sneha.patel339@mail.com
Nikhil Patel,63,Male,USA,Furniture,2023-05-20,236.19,nikhil.patel217@mail.com
Divya Das,42,Male,USA,Groceries,2024-05-24,101.64,divya.das268@mail.com
Rohit Chauhan,29,Female,India,Sports,2022-09-25,44.6,rohit.chauhan116@mail.com
Deepak Verma,67,Male,UK,Beauty,2024-07-20,125.685,deepak.verma587@mail.com
Anjali Rao,27,Male,UK,Electronics,2023-03-10,132.17,anjali.rao374@mail.com
Arjun Gupta,46,Female,India,Clothing,2023-10-18,95.42,arjun.gupta218@mail.com
Manish Rao,30,Male,India,Sports,2023-05-01,122.52,
Deepak Iyer,33,Female,USA,Sports,2023-10-10,43.63,deepak.iyer670@mail.com
Vikram Verma,18,Female,Germany,Groceries,2022-01-17,203.08,vikram.verma393@mail.com
Meera Iyer,36,Female,USA,Sports,2023-05-21,68.98,meera.iyer636@mail.com
Aditya Patel,54,Male,India,Furniture,2023-05-22,62.87,aditya.patel536@mail.com
Rohit Nair,49,Male,USA,Groceries,2024-01-16,248.82,rohit.nair279@mail.com
Sneha Rao,50,Male,USA,Beauty,2022-08-17,58.7,sneha.rao899@mail.com
Pooja Iyer,35,Male,Germany,Groceries,2024-05-03,53.12,pooja.iyer933@mail.com
Rahul Das,66,Female,USA,Beauty,2024-06-24,277.94,rahul.das463@mail.com
Neha Verma,23,Male,USA,Groceries,2024-11-02,44.74,neha.verma397@mail.com
Divya Patel,58,Male,UK,Electronics,2022-04-01,122.15,divya.patel755@mail.com
Divya Das,29,Male,India,Clothing,2023-04-13,68.81,divya.das654@mail.com
Deepak Chauhan,32,Male,India,Furniture,2022-07-16,28.05,deepak.chauhan972@mail.com
Rahul Sharma,20,Female,USA,Clothing,2022-07-23,83.51,rahul.sharma114@mail.com
Meera Chauhan,24,Female,India,Groceries,2023-09-08,35.04,meera.chauhan553@mail.com
Sneha Gupta,51,Female,Germany,Electronics,2024-06-24,212.79,sneha.gupta272@mail.com
Divya Das,27,Male,USA,Furniture,2023-01-24,239.75,divya.das471@mail.com
Rohit Iyer,29,Male,India,Sports,2024-05-19,393.9,rohit.iyer512@mail.com
Aditya Sharma,61,Male,UK,Furniture,2023-06-05,125.685,aditya.sharma503@mail.com
Vikram Iyer,18,Female,Germany,Beauty,2022-08-08,60.58,vikram.iyer835@mail.com
Deepak Iyer,42,Female,UK,Groceries,2023-01-21,125.685,deepak.iyer374@mail.com
Vikram Patel,58,Male,UK,Sports,2023-06-20,250.58,vikram.patel230@mail.com
Neha Nair,33,Male,UK,Furniture,2023-08-27,54.17,
Vikram Iyer,41,Male,UK,Electronics,2023-03-03,166.3,
Meera Gupta,54,Female,UK,Beauty,2024-03-04,542.54,meera.gupta449@mail.com
Meera Rao,20,Male,Germany,Electronics,2023-01-01,54.73,meera.rao546@mail.com
Divya Chauhan,32,Female,USA,Furniture,2022-07-01,324.05,divya.chauhan547@mail.com
Suresh Gupta,42,Female,UK,Clothing,2022-08-05,484.72,suresh.gupta447@mail.com
Rohit Nair,49,Female,USA,Beauty,2023-01-05,46.03,rohit.nair580@mail.com
Rahul Rao,29,Female,UK,Sports,2023-01-22,116.25,rahul.rao936@mail.com
Sneha Sharma,32,Female,UK,Clothing,2022-08-05,59.06,sneha.sharma390@mail.com
Rahul Iyer,47,Male,India,Sports,2024-06-14,254.12,rahul.iyer106@mail.com
Manish Gupta,55,Female,UK,Groceries,2022-08-19,89.46,manish.gupta313@mail.com
Neha Reddy,42,Female,USA,Electronics,2024-08-16,125.685,neha.reddy874@mail.com
Nikhil Sharma,22,Female,UK,Clothing,2023-07-10,38.47,nikhil.sharma892@mail.com
Meera Iyer,19,Male,Germany,Beauty,2023-10-27,78.41,meera.iyer477@mail.com
Ritu Iyer,52,Female,USA,Groceries,2023-03-17,1918.5177000007036,ritu.iyer902@mail.com
Nikhil Nair,53,Female,India,Sports,2024-04-15,155.61,
Neha Rao,21,Male,Germany,Clothing,2024-08-18,305.75,neha.rao121@mail.com
Vikram Gupta,43,Male,UK,Sports,2023-10-10,272.68,vikram.gupta631@mail.com
